Year,Chiang_Saen,Luang_Prabang,Chiang_Khan,Mukdahan,Khong_Chiam,Pakse,Stung_Treng
2001,1139.3031,1326.111435,1349.466435,1573.323451,1598.983173,1594.071029,1674.747036
2002,1032.197152,1254.289908,1284.98794,1550.429037,1588.083214,1598.678725,1669.210477
2003,861.4821892,981.7063218,1011.111912,1230.675167,1262.505778,1296.756291,1400.359404
2004,962.8315755,1108.271658,1139.863309,1348.748632,1381.550558,1395.771062,1452.616887
2005,940.1824229,1107.476268,1141.503916,1405.628344,1444.376542,1432.988682,1514.007802
2006,925.3046537,1087.501373,1122.175755,1353.340803,1385.466912,1417.546135,1512.99321
2007,971.6617194,1110.220344,1133.261698,1341.957455,1383.677335,1421.933669,1527.59905
2008,1036.334709,1248.224919,1277.663972,1548.533841,1566.22227,1577.305539,1613.904958
2009,850.8265957,971.0236211,1001.973185,1172.219901,1215.76638,1284.000858,1421.40928
2010,950.2680381,1090.092062,1134.516383,1361.738304,1389.12102,1391.095815,1420.497242
2011,937.4937062,1182.37265,1246.747273,1535.379811,1579.570581,1602.065884,1681.873679
2012,926.5396659,1132.892547,1158.126728,1345.031987,1362.198315,1354.429638,1420.77994
2013,1022.467798,1256.530576,1282.910357,1496.467137,1531.020241,1535.95876,1621.532734
2014,898.4049306,1088.455552,1116.258935,1336.717663,1358.924688,1380.634244,1477.092911
2015,955.8341088,1141.90363,1163.376367,1376.905253,1386.526934,1358.649254,1393.094476
2016,991.215625,1172.554248,1213.410944,1432.347888,1456.670133,1473.703191,1556.020992
2017,1051.887148,1253.962311,1289.125322,1556.976009,1596.571199,1628.411446,1682.510611
2018,1073.443904,1304.084842,1327.372469,1555.744501,1580.900398,1546.132165,1625.796562
2019,720.0044432,824.6470782,849.7941515,1087.622414,1134.690003,1178.6381,1278.030852
2020,1163.819916,1227.601754,1242.83125,1423.109664,1454.291661,1440.928981,1510.999821
2021,964.4487917,1129.170435,1162.266386,1354.665046,1397.124021,1434.27133,1554.393786
2022,1024.681187,1245.996397,1289.240878,1493.794759,1535.599071,1620.358793,1699.158391
2023,893.1250942,1037.468343,1070.715821,1343.984033,1390.635962,1423.247447,1514.845292
