Dam,Longitude,Latitude,Year of commission,Capacity (MW),Reservoir volume (km3),Source
Khuga,93.681743,24.280828,2010,7.5,0.09,https://nhp.mowr.gov.in/docs/NHP/Sedimentation%20Studies/Report/1143/Khuga%20Dam%20Report%20Manipur%20-converted.pdf
Sujiahekou,98.198363,25.264299,2010,315,0.23,https://baike.baidu.com/item/%E8%8B%8F%E5%AE%B6%E6%B2%B3%E5%8F%A3%E6%B0%B4%E7%94%B5%E7%AB%99/7768602
Nongling,98.345086,24.588458,2009,180,0.23,https://baike.baidu.com/item/%E5%BC%84%E5%8F%A6%E6%B0%B4%E7%94%B5%E7%AB%99/9715101
Maliba,97.965864,24.406792,2008,2,0.11,https://baike.baidu.com/item/%E9%BA%BB%E6%A0%97%E5%9D%9D%E6%B0%B4%E5%BA%93/8234782
Longjiang,98.110944,24.240952,2010,240,1.22,https://baike.baidu.com/item/%E9%BE%99%E6%B1%9F%E6%B0%B4%E7%94%B5%E7%AB%99/8945730#
Sedawgyi,96.327566,22.350099,1989,25,0.45,https://web.archive.org/web/20110428042122/http://www.adb.org/Documents/PCRs/MYA/36112-MYA-PCR.pdf
Thaphanseik,95.350135,23.308438,2001,30,3.56,https://web.archive.org/web/20221013085932/https://www.moee.gov.mm/mm/ignite/page/48
Yeywa,96.474232,21.675138,2010,790,2.60,https://web.archive.org/web/20221005102349/https://www.moee.gov.mm/mm/ignite/page/47
Myogyi,96.382574,21.461766,2016,30,0.44,https://web.archive.org/web/20220923105413/https://www.moee.gov.mm/mm/ignite/page/301/
Kinda,96.320962,21.160114,1990,56,1.08,https://iwumd.gov.mm/wums/index.php?route=wums/dam/info&dam_type=1&dam_id=506&filter_dam_group=1
Salin,94.367604,20.870108,2001,,0.16,https://iwumd.gov.mm/wums/index.php?route=wums/dam/info&dam_type=1&dam_id=414&filter_dam_group=1
Mone,94.260887,20.477598,2007,75,0.83,https://web.archive.org/web/20221013080549/https://www.moee.gov.mm/mm/ignite/page/291/
Mannchaung,94.425047,20.088442,1999,75,0.15,https://iwumd.gov.mm/wums/index.php?route=wums/dam/info&dam_type=1&dam_id=411&filter_dam_group=1
Natmauk,95.474233,20.40593,1996,,0.12,https://iwumd.gov.mm/wums/index.php?route=wums/dam/info&dam_type=1&dam_id=398&filter_dam_group=1
Bewtgyi,95.529247,19.314276,2001,,0.09,https://iwumd.gov.mm/wums/index.php?route=wums/dam/info&dam_type=1&dam_id=408&filter_dam_group=1
Pade,95.610955,19.210146,2004,,0.04,https://iwumd.gov.mm/wums/index.php?route=wums/dam/info&dam_type=1&dam_id=384&filter_dam_group=1
Taungnawin,95.530091,18.927583,1996,,0.35,https://iwumd.gov.mm/wums/index.php?route=wums/dam/info&dam_type=1&dam_id=263&filter_dam_group=1
