Dam,Longitude,Latitude,Year of commission,Capacity (MW),Reservoir volume (km3),Link
Guoduo,97.1885066,31.5323483,2015,160,,https://www.gem.wiki/Guoduo_hydroelectric_plant
Wunonglong,98.9239745,27.9386395,2018,990,0.27,https://en.wikipedia.org/wiki/Wunonglong_Dam
Lidi,99.035079,27.833526,2019,420,0.08,"https://www.power-technology.com/marketdata/lidi-china/#:~:text=Lidi%20is%20a%20420MW%20hydro%20power%20project.,Yunnan%2C%20China.%20The%20project%20is%20currently%20active."
Tuoba,99.107516,27.194231,2024,1400,1.04,https://www.gem.wiki/Tuoba_hydroelectric_plant
Huangdeng,99.1162822,26.5591713,2017,1900,1.61,https://en.wikipedia.org/wiki/Huangdeng_Dam
Dahuaqiao,99.1403512,26.307619,2018,900,0.29,https://en.wikipedia.org/wiki/Dahuaqiao_Dam
Miaowei,99.1654587,25.8548373,2016,1400,0.66,https://en.wikipedia.org/wiki/Miaowei_Dam
Gongguoqiao,99.3353963,25.5856218,2012,900,0.32,https://en.wikipedia.org/wiki/Gongguoqiao_Dam
Xiaowan,100.0913929,24.7051278,2010,4200,14.56,https://en.wikipedia.org/wiki/Xiaowan_Dam
Manwan,100.448323,24.6219617,1992,1570,0.92,https://en.wikipedia.org/wiki/Manwan_Dam
Dachaoshan,100.369955,24.0247349,2003,1350,0.89,https://en.wikipedia.org/wiki/Dachaoshan_Dam
Nuozhadu,100.4299353,22.6381738,2014,5850,23.7,https://en.wikipedia.org/wiki/Nuozhadu_Dam
Jinghong,100.7670026,22.0522181,2009,1750,1.14,https://en.wikipedia.org/wiki/Jinghong_Dam
Xayabouri,101.8184473,19.2448671,2019,1285,1.3,https://en.wikipedia.org/wiki/Xayaburi_Dam
Don Sahong,105.9559929,13.9438978,2020,260,,https://en.wikipedia.org/wiki/Don_Sahong_Dam
